Drug,Disease
CHEBI:5088,MONDO:0009276
CHEBI:5088,MONDO:0007954
CHEBI:5088,MONDO:0010119
CHEBI:3757,MONDO:0011857
CHEBI:3757,MONDO:0008233
CHEBI:3757,MONDO:0007053
CHEBI:3757,MONDO:0007661
CHEBI:3757,MONDO:0007830
CHEBI:3757,MONDO:0010983
CHEBI:3757,OMIM:608622
CHEBI:3757,MONDO:0008071
CHEBI:3757,MONDO:0007743
CHEBI:3757,MONDO:0007754
CHEBI:57972,MONDO:0009855
CHEMBL.COMPOUND:CHEMBL159,MONDO:0010159
CHEMBL.COMPOUND:CHEMBL159,MONDO:0008558
CHEMBL.COMPOUND:CHEMBL159,MONDO:0007845
CHEMBL.COMPOUND:CHEMBL159,MONDO:0010108
CHEMBL.COMPOUND:CHEMBL159,MONDO:0009348
CHEMBL.COMPOUND:CHEMBL159,MONDO:0009691
CHEMBL.COMPOUND:CHEMBL159,MONDO:0016419
CHEBI:10127,MONDO:0011891
CHEBI:10127,MONDO:0009399
CHEBI:10127,MONDO:0008590
CHEBI:10127,MONDO:0020759
CHEBI:10127,MONDO:0020772
CHEBI:10127,MONDO:0011491
CHEBI:10127,MONDO:0011970
CHEBI:10127,MONDO:0008836
CHEBI:10127,MONDO:0011892
CHEBI:10127,MONDO:0010339
CHEBI:10127,MONDO:0009013
CHEBI:10127,MONDO:0011875
CHEBI:10127,MONDO:0009976
CHEBI:2636,MONDO:0010159
CHEMBL.COMPOUND:CHEMBL1621597,MONDO:0008859
CHEMBL.COMPOUND:CHEMBL1621597,MONDO:0008834
CHEMBL.COMPOUND:CHEMBL1621597,MONDO:0010940
CHEBI:567361,MONDO:0004948
CHEBI:567361,MONDO:0010159
CHEBI:567361,MONDO:0009781
CHEBI:567361,MONDO:0007190
CHEBI:567361,MONDO:0021571
CHEBI:3077,MONDO:0011292
CHEBI:3077,MONDO:0007899
CHEBI:3077,MONDO:0007583
CHEBI:3077,MONDO:0007446
CHEBI:4888,MONDO:0009399
CHEBI:4888,MONDO:0009013
CHEBI:5138,MONDO:0008114
CHEBI:5138,MONDO:0008187
CHEBI:64317,MONDO:0008834
CHEBI:64317,MONDO:0020745
CHEBI:64317,MONDO:0010940
CHEBI:48669,MONDO:0007597
CHEBI:48669,MONDO:0007598
CHEBI:48669,MONDO:0007595
CHEBI:48669,MONDO:0009206
CHEBI:48669,MONDO:0010602
CHEBI:6437,MONDO:0011891
CHEBI:6437,MONDO:0009399
CHEBI:6437,MONDO:0020759
CHEBI:6437,MONDO:0020772
CHEBI:6437,MONDO:0011491
CHEBI:6437,MONDO:0011970
CHEBI:6437,MONDO:0011892
CHEBI:6437,MONDO:0010339
CHEBI:6437,MONDO:0009013
CHEBI:6437,MONDO:0011875
CHEBI:7514,MONDO:0008007
CHEBI:7514,MONDO:0009688
CHEBI:7735,MONDO:0010340
CHEBI:7735,MONDO:0008114
CHEBI:7735,MONDO:0005090
CHEBI:50861,MONDO:0024533
CHEBI:50861,MONDO:0008071
CHEBI:7824,MONDO:0011891
CHEBI:7824,MONDO:0020759
CHEBI:7824,MONDO:0020772
CHEBI:7824,MONDO:0011491
CHEBI:7824,MONDO:0011970
CHEBI:7824,MONDO:0008836
CHEBI:7824,MONDO:0011892
CHEBI:7824,MONDO:0010339
CHEBI:7824,MONDO:0009013
CHEBI:7824,MONDO:0011875
CHEBI:7824,MONDO:0009976
CHEBI:9586,MONDO:0009013
CHEBI:681569,MONDO:0009539
DRUGBANK:DB00286,MONDO:0007057
DRUGBANK:DB00286,MONDO:0008980
DRUGBANK:DB00286,MONDO:0011098
DRUGBANK:DB00286,MONDO:0010706
DRUGBANK:DB00286,MONDO:0023122
DRUGBANK:DB00286,MONDO:0016419
DRUGBANK:DB00286,MONDO:0008635
CHEBI:6438,MONDO:0009276
CHEBI:6438,MONDO:0007664
CHEBI:6438,MONDO:0007954
CHEBI:6438,MONDO:0008071
CHEBI:6438,MONDO:0010119
CHEBI:49713,MONDO:0005090
CHEBI:5775,MONDO:0007781
CHEBI:5775,OMIM:608622
CHEBI:5775,MONDO:0008071
CHEBI:58045,MONDO:0009167
CHEBI:58045,MONDO:0011953
CHEBI:58045,MONDO:0009851
CHEBI:58045,MONDO:0009164
CHEBI:4887,MONDO:0009013
CHEBI:4876,MONDO:0008974
CHEBI:4876,MONDO:0008859
CHEBI:4876,MONDO:0009733
CHEBI:4876,MONDO:0010874
CHEBI:4876,MONDO:0008758
CHEBI:4876,OMIM:608622
CHEBI:4876,MONDO:0008829
CHEBI:4876,MONDO:0008071
CHEBI:5558,OMIM:608622
CHEBI:5558,MONDO:0008071
CHEBI:5558,MONDO:0007743
CHEBI:3423,MONDO:0010159
CHEBI:3423,MONDO:0024498
CHEBI:3423,MONDO:0007190
CHEBI:3423,MONDO:0009975
CHEBI:3423,MONDO:0009539
CHEBI:3423,MONDO:0009348
CHEBI:3423,MONDO:0009693
DRUGBANK:DB01109,MONDO:0010789
DRUGBANK:DB01109,MONDO:0000914
DRUGBANK:DB01109,MONDO:0020671
CHEBI:2567,MONDO:0007057
CHEBI:2567,MONDO:0007885
CHEBI:2567,MONDO:0005298
CHEBI:2567,MONDO:0011183
CHEBI:2567,MONDO:0008178
CHEBI:8081,MONDO:0008233
CHEBI:8081,MONDO:0009276
CHEBI:8081,OMIM:608622
CHEBI:8081,MONDO:0007954
CHEBI:8081,MONDO:0008071
CHEBI:8081,MONDO:0010119
CHEBI:47381,MONDO:0011835
CHEBI:47381,MONDO:0007885
CHEBI:47381,MONDO:0008827
CHEBI:47381,MONDO:0010624
CHEBI:47381,MONDO:0007830
CHEBI:47381,MONDO:0007127
CHEBI:47381,MONDO:0007704
CHEBI:47381,MONDO:0011923
CHEBI:47381,MONDO:0008143
CHEBI:15354,MONDO:0011835
CHEBI:15354,MONDO:0008827
CHEBI:15354,MONDO:0007830
CHEBI:15354,MONDO:0007704
CHEBI:15354,MONDO:0011923
CHEBI:15354,MONDO:0008143
CHEBI:7640,MONDO:0009648
CHEBI:7640,MONDO:0007830
CHEBI:7640,MONDO:0010941
CHEBI:7640,MONDO:0008187
CHEBI:7640,MONDO:0010910
CHEBI:7640,MONDO:0007743
CHEBI:44423,MONDO:0010159
CHEBI:44423,MONDO:0009891
CHEBI:44423,MONDO:0007763
CHEBI:44423,MONDO:0007964
CHEBI:44423,MONDO:0007963
CHEBI:44423,MONDO:0008554
CHEBI:44423,OMIM:605839
CHEBI:4911,MONDO:0010159
CHEBI:4911,MONDO:0010108
CHEBI:4911,MONDO:0009348
CHEBI:4911,MONDO:0008433
CHEBI:144093,MONDO:0023122
CHEBI:9445,MONDO:0010811
CHEBI:9445,MONDO:0008007
CHEBI:9445,MONDO:0007830
CHEBI:9445,OMIM:608622
CHEBI:9445,MONDO:0008071
CHEBI:9445,MONDO:0008696
CHEBI:9445,MONDO:0007754
CHEBI:10100,MONDO:0008834
CHEBI:5120,MONDO:0008980
CHEBI:5120,MONDO:0009421
CHEBI:5120,MONDO:0016419
CHEBI:3084,MONDO:0008007
CHEBI:3084,MONDO:0007186
CHEBI:3084,MONDO:0008630
CHEBI:50859,MONDO:0010159
CHEBI:50859,MONDO:0009691
CHEBI:15365,MONDO:0011835
CHEBI:15365,MONDO:0007140
CHEBI:15365,MONDO:0007885
CHEBI:15365,MONDO:0007782
CHEBI:15365,MONDO:0008000
CHEBI:15365,MONDO:0008827
CHEBI:15365,MONDO:0007915
CHEBI:15365,MONDO:0000914
CHEBI:15365,MONDO:0007830
CHEBI:15365,MONDO:0007704
CHEBI:15365,MONDO:0011923
CHEBI:15365,MONDO:0008143
CHEBI:15365,MONDO:0020671
CHEBI:2208,MONDO:0004948
CHEBI:2208,MONDO:0007190
CHEBI:2208,MONDO:0008617
CHEBI:2208,MONDO:0009539
CHEBI:2208,MONDO:0009960
CHEBI:76917,MONDO:0008364
CHEBI:76917,OMIM:608622
CHEBI:76917,MONDO:0008071
CHEBI:39669,MONDO:0011835
CHEBI:39669,MONDO:0008827
CHEBI:39669,MONDO:0007830
CHEBI:39669,MONDO:0007704
CHEBI:39669,MONDO:0011923
CHEBI:39669,MONDO:0008143
CHEBI:7954,OMIM:608622
CHEBI:7954,MONDO:0008071
CHEBI:27662,MONDO:0007782
CHEBI:63629,MONDO:0008000
CHEBI:63629,MONDO:0008599
CHEBI:63629,MONDO:0010983
CHEBI:63629,MONDO:0008696
CHEBI:63629,MONDO:0008054
CHEBI:41879,MONDO:0008399
CHEBI:41879,MONDO:0008974
CHEBI:41879,MONDO:0010159
CHEBI:41879,MONDO:0011115
CHEBI:41879,MONDO:0008558
CHEBI:41879,MONDO:0007935
CHEBI:41879,MONDO:0009313
CHEBI:41879,MONDO:0007782
CHEBI:41879,MONDO:0008834
CHEBI:41879,MONDO:0007915
CHEBI:41879,MONDO:0010874
CHEBI:41879,MONDO:0009691
CHEBI:41879,MONDO:0007583
CHEBI:41879,MONDO:0009122
CHEBI:41879,MONDO:0007446
CHEBI:41879,MONDO:0008162
DRUGBANK:DB00284,MONDO:0007455
DRUGBANK:DB00284,MONDO:0007453
DRUGBANK:DB00284,MONDO:0010894
DRUGBANK:DB00284,MONDO:0007452
CHEBI:5864,MONDO:0004948
CHEBI:5864,MONDO:0010159
CHEBI:5864,MONDO:0007190
CHEBI:5864,MONDO:0010108
CHEBI:5864,MONDO:0009539
CHEBI:5864,MONDO:0009348
CHEBI:50223,MONDO:0008922
CHEBI:50223,MONDO:0008915
CHEBI:50223,MONDO:0008916
CHEBI:50223,MONDO:0008837
CHEBI:50223,MONDO:0009169
CHEBI:50223,MONDO:0009164
CHEBI:50223,OMIM:305300
CHEBI:3082,MONDO:0007664
CHEBI:3082,OMIM:608622
CHEBI:3082,MONDO:0008071
CHEBI:71365,MONDO:0009518
CHEBI:3441,MONDO:0011857
CHEBI:3441,OMIM:608622
CHEBI:3441,MONDO:0008071
CHEBI:6935,MONDO:0007455
CHEBI:6935,MONDO:0007453
CHEBI:6935,MONDO:0010894
CHEBI:6935,MONDO:0007452
CHEBI:7986,MONDO:0010789
CHEBI:7986,MONDO:0000914
CHEBI:7986,MONDO:0008559
CHEBI:7986,MONDO:0020671
CHEBI:3638,MONDO:0008399
CHEBI:7478,MONDO:0008000
CHEBI:127342,MONDO:0007743
CHEBI:9649,MONDO:0007797
CHEBI:9649,OMIM:608622
CHEBI:9649,MONDO:0008071
CHEBI:44185,MONDO:0010159
CHEBI:44185,MONDO:0018874
CHEBI:44185,MONDO:0009313
CHEBI:44185,MONDO:0008842
CHEBI:44185,MONDO:0007190
CHEBI:44185,MONDO:0007576
CHEBI:44185,MONDO:0009975
CHEBI:44185,MONDO:0009521
CHEBI:44185,MONDO:0002629
CHEBI:44185,MONDO:0010108
CHEBI:44185,MONDO:0009539
CHEBI:44185,MONDO:0007899
CHEBI:44185,MONDO:0009348
CHEBI:44185,MONDO:0009691
CHEBI:44185,MONDO:0009273
CHEBI:44185,MONDO:0009122
CHEBI:44185,MONDO:0009994
CHEBI:44185,MONDO:0005575
CHEBI:44185,MONDO:0016419
CHEBI:44185,MONDO:0007648
CHEBI:44185,MONDO:0008433
CHEBI:44185,MONDO:0001187
CHEBI:47426,MONDO:0020739
CHEBI:47426,MONDO:0008974
CHEBI:47426,MONDO:0008152
CHEBI:47426,MONDO:0007797
CHEBI:47426,MONDO:0008859
CHEBI:47426,MONDO:0009733
CHEBI:47426,MONDO:0010874
CHEBI:47426,MONDO:0008758
CHEBI:47426,OMIM:608622
CHEBI:47426,MONDO:0008829
CHEBI:47426,MONDO:0008071
CHEBI:5818,MONDO:0007782
CHEBI:5818,MONDO:0007830
CHEBI:82892,MONDO:0007257
CHEBI:82892,MONDO:0008905
CHEBI:16794,MONDO:0007433
CHEBI:16794,MONDO:0008199
CHEBI:16794,MONDO:0008591
CHEBI:16794,MONDO:0008193
CHEBI:16794,MONDO:0007144
CHEBI:16794,MONDO:0009172
CHEBI:16794,MONDO:0008015
CHEBI:16709,MONDO:0009399
CHEBI:16709,MONDO:0009013
CHEBI:47499,MONDO:0007830
CHEBI:47499,MONDO:0010941
CHEBI:47499,MONDO:0008187
CHEBI:47499,MONDO:0010910
CHEBI:47499,MONDO:0007743
CHEBI:28748,MONDO:0010159
CHEBI:28748,MONDO:0018874
CHEBI:28748,MONDO:0009741
CHEBI:28748,MONDO:0002629
CHEBI:28748,MONDO:0008566
CHEBI:28748,MONDO:0009539
CHEBI:28748,MONDO:0009348
CHEBI:28748,MONDO:0009994
CHEBI:28748,MONDO:0016419
CHEBI:28748,MONDO:0007648
CHEBI:28748,MONDO:0008903
CHEBI:28748,MONDO:0001187
CHEBI:28748,MONDO:0009693
CHEBI:28748,MONDO:0008679
CHEBI:261649,MONDO:0010853
CHEBI:6801,MONDO:0007455
CHEBI:6801,MONDO:0008314
CHEBI:6801,MONDO:0008487
CHEBI:6801,MONDO:0007453
CHEBI:6801,MONDO:0010894
CHEBI:6801,MONDO:0007452
CHEBI:39585,MONDO:0007433
CHEBI:39585,MONDO:0008199
CHEBI:39585,MONDO:0007053
CHEBI:39585,MONDO:0008193
CHEBI:47898,MONDO:0010159
CHEBI:47898,MONDO:0016419
CHEBI:8354,MONDO:0009688
CHEBI:6775,MONDO:0009960
CHEBI:49603,MONDO:0010159
CHEBI:49603,MONDO:0016419
CHEBI:31897,MONDO:0007455
CHEBI:31897,MONDO:0007453
CHEBI:31897,MONDO:0010894
CHEBI:31897,MONDO:0007452
CHEBI:3756,MONDO:0011835
CHEBI:3756,MONDO:0009698
CHEBI:3756,MONDO:0008827
CHEBI:3756,MONDO:0007050
CHEBI:3756,MONDO:0007053
CHEBI:3756,OMIM:254770
CHEBI:3756,MONDO:0008187
CHEBI:3756,MONDO:0007704
CHEBI:3756,MONDO:0005090
CHEBI:3756,MONDO:0011923
CHEBI:3756,MONDO:0008143
CHEBI:18145,MONDO:0011513
CHEBI:18145,MONDO:0007433
CHEBI:18145,MONDO:0011707
CHEBI:18145,MONDO:0010188
CHEBI:18145,MONDO:0009946
CHEBI:18145,MONDO:0009259
CHEBI:18145,MONDO:0007088
CHEBI:18145,MONDO:0008696
CHEBI:18145,MONDO:0009284
CHEBI:5002,OMIM:608622
CHEBI:5002,MONDO:0008071
CHEBI:8774,MONDO:0007797
CHEBI:8774,OMIM:608622
CHEBI:8774,MONDO:0008071
CHEBI:17303,MONDO:0007830
CHEBI:17650,MONDO:0009313
CHEBI:17650,MONDO:0007446
CHEBI:17650,MONDO:0008162
CHEBI:101278,MONDO:0011857
CHEBI:101278,MONDO:0008364
CHEBI:101278,MONDO:0012066
CHEBI:101278,OMIM:608622
CHEBI:101278,MONDO:0008071
CHEBI:135925,MONDO:0010340
CHEBI:135925,MONDO:0007743
CHEBI:46195,MONDO:0007782
CHEBI:46195,MONDO:0008000
CHEBI:46195,MONDO:0011961
CHEBI:46195,MONDO:0007830
CHEBI:46195,MONDO:0007704
CHEBI:3213,MONDO:0008974
CHEBI:3213,MONDO:0008152
CHEBI:3213,MONDO:0007797
CHEBI:3213,MONDO:0008859
CHEBI:3213,MONDO:0009733
CHEBI:3213,MONDO:0010874
CHEBI:3213,MONDO:0008758
CHEBI:3213,OMIM:608622
CHEBI:3213,MONDO:0008829
CHEBI:3213,MONDO:0008071
CHEBI:42797,MONDO:0011891
CHEBI:42797,MONDO:0008131
CHEBI:42797,MONDO:0008590
CHEBI:42797,MONDO:0020759
CHEBI:42797,MONDO:0008000
CHEBI:42797,MONDO:0020772
CHEBI:42797,MONDO:0011491
CHEBI:42797,MONDO:0007053
CHEBI:42797,MONDO:0011970
CHEBI:42797,MONDO:0008836
CHEBI:42797,MONDO:0007830
CHEBI:42797,MONDO:0011892
CHEBI:42797,MONDO:0010339
CHEBI:42797,MONDO:0011875
CHEBI:42797,MONDO:0009976
CHEBI:42797,MONDO:0007754
CHEBI:36795,MONDO:0008131
CHEBI:36795,MONDO:0007830
CHEBI:2038,MONDO:0009532
CHEBI:2038,MONDO:0009781
CHEBI:2038,MONDO:0010978
CHEBI:94701,MONDO:0004948
CHEBI:94701,MONDO:0010159
CHEBI:94701,MONDO:0007190
CHEBI:94701,MONDO:0009975
CHEBI:94701,MONDO:0009539
CHEBI:94701,MONDO:0009348
CHEBI:94701,MONDO:0009122
CHEBI:18258,MONDO:0007681
CHEBI:18258,MONDO:0010138
CHEBI:18258,MONDO:0009718
CHEBI:18258,MONDO:0007699
CHEBI:80680,MONDO:0009912
CHEBI:80680,MONDO:0010558
CHEBI:80680,MONDO:0011961
CHEBI:80680,MONDO:0019182
CHEBI:80680,MONDO:0007831
CHEBI:7492,MONDO:0008834
CHEBI:7492,MONDO:0010940
CHEBI:63634,MONDO:0011835
CHEBI:63634,MONDO:0008827
CHEBI:63634,MONDO:0007704
CHEBI:63634,MONDO:0011923
CHEBI:63634,MONDO:0008143
CHEBI:16236,MONDO:0007830
CHEBI:5893,MONDO:0008974
CHEBI:5893,MONDO:0009733
CHEBI:5893,MONDO:0010874
CHEBI:5893,OMIM:608622
CHEBI:5893,MONDO:0008071
CHEBI:3611,MONDO:0009172
CHEBI:3611,MONDO:0007079
CHEBI:3176,MONDO:0011129
CHEBI:3176,MONDO:0007664
CHEBI:3176,MONDO:0007665
CHEBI:3176,MONDO:0008071
CHEBI:7936,MONDO:0007542
CHEBI:7936,MONDO:0009648
CHEBI:7936,MONDO:0008114
CHEBI:7936,MONDO:0008187
CHEBI:37941,MONDO:0010789
CHEBI:37941,MONDO:0000914
CHEBI:37941,MONDO:0020671
CHEBI:15940,MONDO:0007762
CHEBI:15940,MONDO:0007751
CHEBI:53776,MONDO:0009313
CHEBI:47781,MONDO:0007830
CHEBI:47781,MONDO:0007743
CHEBI:18243,MONDO:0008152
CHEBI:18243,MONDO:0007797
CHEBI:18243,MONDO:0010687
CHEBI:18243,MONDO:0008071
CHEBI:77733,MONDO:0011857
CHEBI:77733,MONDO:0008000
CHEBI:77733,MONDO:0020745
CHEBI:77733,MONDO:0012066
CHEBI:77733,MONDO:0007266
CHEBI:77733,OMIM:608622
CHEBI:77733,MONDO:0008071
CHEBI:77733,MONDO:0008696
CHEBI:79699,MONDO:0007763
CHEBI:79699,OMIM:605839
CHEBI:28901,MONDO:0010159
CHEBI:28901,MONDO:0009521
CHEBI:28901,MONDO:0009891
CHEBI:28901,MONDO:0009692
CHEBI:28901,MONDO:0009122
CHEBI:32599,MONDO:0009548
CHEBI:32599,MONDO:0009399
CHEBI:32599,MONDO:0007482
CHEBI:32599,MONDO:0008585
CHEBI:32599,MONDO:0009013
CHEBI:4708,MONDO:0010811
CHEBI:4708,MONDO:0007830
CHEBI:4708,MONDO:0008364
CHEBI:4708,OMIM:608622
CHEBI:4708,MONDO:0008071
CHEBI:4708,MONDO:0008696
CHEBI:2704,MONDO:0018919
CHEBI:2704,MONDO:0016419
CHEBI:31348,MONDO:0010159
CHEBI:31348,MONDO:0007763
CHEBI:31348,MONDO:0005575
CHEBI:31348,MONDO:0023122
CHEBI:31348,MONDO:0016419
CHEBI:31348,MONDO:0007648
CHEBI:9139,MONDO:0024533
CHEBI:9139,MONDO:0008071
CHEBI:36704,MONDO:0007127
CHEBI:71940,MONDO:0024533
CHEBI:71940,MONDO:0008071
CHEBI:45924,MONDO:0008834
CHEBI:45924,MONDO:0011462
CHEBI:45924,MONDO:0008162
CHEBI:59773,MONDO:0008834
CHEBI:59773,MONDO:0008617
CHEBI:59773,MONDO:0010940
CHEBI:4798,MONDO:0008199
CHEBI:4798,MONDO:0008193
CHEBI:8214,OMIM:608622
CHEBI:8214,MONDO:0008071
CHEBI:8665,MONDO:0009648
CHEBI:8665,MONDO:0009688
CHEBI:18357,MONDO:0007803
CHEBI:28593,MONDO:0011857
CHEBI:28593,MONDO:0020745
CHEBI:28593,MONDO:0012066
CHEBI:9449,MONDO:0008859
CHEBI:9449,MONDO:0008834
CHEBI:9449,MONDO:0010940
CHEBI:7915,MONDO:0008591
CHEBI:7915,MONDO:0010853
CHEBI:7915,MONDO:0007186
CHEBI:100241,MONDO:0009781
CHEBI:100241,MONDO:0007782
CHEBI:100241,MONDO:0008834
CHEBI:100241,MONDO:0008162
CHEBI:100241,MONDO:0009960
CHEBI:8499,MONDO:0008233
CHEBI:8499,MONDO:0007706
CHEBI:8499,MONDO:0008590
CHEBI:8499,MONDO:0008000
CHEBI:8499,MONDO:0007201
CHEBI:8499,MONDO:0020745
CHEBI:8499,MONDO:0010253
CHEBI:8499,OMIM:608622
CHEBI:8499,MONDO:0024529
CHEBI:8499,MONDO:0008071
CHEBI:3013,MONDO:0008974
CHEBI:3013,MONDO:0009733
CHEBI:3013,MONDO:0010874
CHEBI:3013,OMIM:608622
CHEBI:3013,MONDO:0008071
CHEMBL.COMPOUND:CHEMBL1201139,MONDO:0016419
CHEMBL.COMPOUND:CHEMBL1201139,MONDO:0007179
CHEMBL.COMPOUND:CHEMBL1201139,MONDO:0008635
CHEBI:63916,MONDO:0024533
CHEBI:63916,MONDO:0007781
CHEBI:63916,OMIM:608622
CHEBI:63916,MONDO:0008071
CHEBI:28934,MONDO:0007797
CHEBI:28934,MONDO:0010186
CHEBI:28934,MONDO:0009812
CHEBI:28934,MONDO:0009429
CHEBI:3994,MONDO:0007782
CHEBI:5383,MONDO:0007455
CHEBI:5383,MONDO:0007453
CHEBI:5383,MONDO:0010894
CHEBI:5383,MONDO:0007452
CHEBI:28918,MONDO:0008834
CHEBI:28918,MONDO:0011129
CHEBI:28918,MONDO:0007664
CHEBI:28918,MONDO:0007665
CHEBI:28918,MONDO:0010940
CHEBI:28918,MONDO:0007831
CHEBI:4636,MONDO:0007782
CHEBI:4636,MONDO:0011961
CHEBI:4636,MONDO:0008015
CHEBI:4636,MONDO:0007831
CHEBI:8435,MONDO:0009167
CHEBI:8435,MONDO:0011953
CHEBI:8435,MONDO:0007782
CHEBI:8435,MONDO:0008444
CHEBI:8435,MONDO:0009851
CHEBI:8435,MONDO:0009164
CHEBI:40279,MONDO:0010687
CHEBI:40279,MONDO:0011179
CHEBI:72564,MONDO:0010159
CHEBI:72564,MONDO:0007964
CHEBI:72564,MONDO:0007963
CHEBI:53289,MONDO:0011513
CHEBI:53289,MONDO:0007433
CHEBI:53289,MONDO:0007088
CHEBI:9637,MONDO:0008974
CHEBI:9637,MONDO:0008152
CHEBI:9637,MONDO:0007797
CHEBI:9637,MONDO:0010874
CHEBI:9637,OMIM:608622
CHEBI:9637,MONDO:0008829
CHEBI:9637,MONDO:0008071
CHEBI:520985,MONDO:0008000
CHEBI:8772,MONDO:0007057
CHEBI:8772,MONDO:0005298
CHEBI:8772,MONDO:0016419
CHEBI:3223,MONDO:0010275
CHEBI:3223,MONDO:0009798
CHEBI:3223,MONDO:0008130
CHEBI:3223,MONDO:0008187
CHEBI:3223,MONDO:0007973
CHEBI:3223,MONDO:0007085
CHEBI:63620,MONDO:0008199
CHEBI:63620,MONDO:0008193
CHEBI:77397,MONDO:0007542
CHEBI:77397,MONDO:0009167
CHEBI:77397,MONDO:0011953
CHEBI:77397,MONDO:0008444
CHEBI:77397,MONDO:0009851
CHEBI:77397,MONDO:0008114
CHEBI:77397,MONDO:0009164
CHEBI:77397,MONDO:0008187
CHEBI:77397,MONDO:0007079
CHEBI:27732,MONDO:0007782
CHEBI:27732,MONDO:0008000
CHEBI:27732,MONDO:0007830
CHEBI:27732,MONDO:0007623
CHEBI:27732,MONDO:0007704
CHEBI:7852,MONDO:0007830
CHEBI:6809,MONDO:0009912
CHEBI:6809,MONDO:0010558
CHEBI:6809,MONDO:0019182
CHEBI:6809,MONDO:0007743
CHEBI:9671,MONDO:0008974
CHEBI:9671,MONDO:0008859
CHEBI:9671,MONDO:0010874
CHEBI:9671,MONDO:0008758
CHEBI:9671,MONDO:0008829
CHEBI:16469,MONDO:0007057
CHEBI:16469,MONDO:0008980
CHEBI:16469,MONDO:0010706
CHEBI:16469,MONDO:0023122
CHEBI:16469,MONDO:0016419
CHEBI:6916,MONDO:0020745
CHEBI:35852,MONDO:0010159
CHEBI:35852,MONDO:0009741
CHEBI:35852,MONDO:0007576
CHEBI:35852,MONDO:0002629
CHEBI:35852,MONDO:0010108
CHEBI:35852,MONDO:0009348
CHEBI:35852,MONDO:0008433
CHEBI:35852,MONDO:0001187
CHEBI:35852,MONDO:0009693
CHEMBL.COMPOUND:CHEMBL476,MONDO:0010159
CHEMBL.COMPOUND:CHEMBL476,MONDO:0009741
CHEMBL.COMPOUND:CHEMBL476,MONDO:0009348
CHEMBL.COMPOUND:CHEMBL476,MONDO:0007964
CHEMBL.COMPOUND:CHEMBL476,MONDO:0009994
CHEMBL.COMPOUND:CHEMBL476,MONDO:0007963
CHEBI:8382,MONDO:0020739
CHEBI:8382,MONDO:0008399
CHEBI:8382,MONDO:0010159
CHEBI:8382,MONDO:0008558
CHEBI:8382,MONDO:0009313
CHEBI:8382,MONDO:0008842
CHEBI:8382,MONDO:0008000
CHEBI:8382,MONDO:0010580
CHEBI:8382,MONDO:0007816
CHEBI:8382,MONDO:0008834
CHEBI:8382,MONDO:0007915
CHEBI:8382,MONDO:0010874
CHEBI:8382,MONDO:0021571
CHEBI:8382,MONDO:0009539
CHEBI:8382,MONDO:0007899
CHEBI:8382,MONDO:0009691
CHEBI:8382,MONDO:0007583
CHEBI:8382,MONDO:0009122
CHEBI:8382,MONDO:0020108
CHEBI:8382,MONDO:0007446
CHEBI:8382,MONDO:0007179
CHEBI:8382,MONDO:0007831
CHEBI:6904,MONDO:0011857
CHEBI:6904,MONDO:0008590
CHEBI:6904,MONDO:0007201
CHEBI:6904,MONDO:0012066
CHEBI:6904,OMIM:608622
CHEBI:6904,MONDO:0024529
CHEBI:6904,MONDO:0008071
CHEBI:9241,MONDO:0008974
CHEBI:9241,MONDO:0010874
CHEBI:9241,MONDO:0011462
CHEBI:9241,OMIM:608622
CHEBI:9241,MONDO:0008829
CHEBI:9241,MONDO:0008071
CHEBI:9241,MONDO:0007085
CHEBI:5855,MONDO:0011835
CHEBI:5855,MONDO:0007885
CHEBI:5855,MONDO:0007782
CHEBI:5855,MONDO:0008827
CHEBI:5855,MONDO:0009648
CHEBI:5855,MONDO:0007830
CHEBI:5855,MONDO:0007704
CHEBI:5855,MONDO:0011923
CHEBI:5855,MONDO:0008143
CHEBI:94686,MONDO:0009912
CHEBI:94686,MONDO:0010558
CHEBI:94686,MONDO:0019182
CHEBI:61058,OMIM:608622
CHEBI:61058,MONDO:0008071
CHEBI:50648,MONDO:0007845
CHEBI:9943,MONDO:0007542
CHEBI:9943,MONDO:0007830
CHEBI:9943,MONDO:0008114
CHEBI:9943,MONDO:0008187
CHEBI:9943,MONDO:0007743
CHEBI:9943,MONDO:0011846
CHEBI:39867,MONDO:0011513
CHEBI:39867,MONDO:0007433
CHEBI:39867,MONDO:0009399
CHEBI:39867,MONDO:0008000
CHEBI:39867,MONDO:0010253
CHEBI:39867,MONDO:0007088
CHEBI:39867,MONDO:0009013
CHEBI:39867,MONDO:0005090
CHEBI:39867,MONDO:0007085
CHEMBL.COMPOUND:CHEMBL3039598,MONDO:0007797
CHEMBL.COMPOUND:CHEMBL3039598,OMIM:608622
CHEMBL.COMPOUND:CHEMBL3039598,MONDO:0008071
CHEBI:31623,MONDO:0011292
CHEBI:50122,MONDO:0007455
CHEBI:50122,MONDO:0007453
CHEBI:50122,MONDO:0010894
CHEBI:50122,MONDO:0007452
CHEBI:45783,MONDO:0010159
CHEBI:45783,MONDO:0011895
CHEBI:45783,MONDO:0009539
CHEBI:45783,MONDO:0007546
CHEBI:63618,MONDO:0007751
CHEBI:63618,MONDO:0020671
CHEBI:28680,MONDO:0010159
CHEBI:28680,MONDO:0018874
CHEBI:28680,MONDO:0007190
CHEBI:28680,MONDO:0009975
CHEBI:28680,MONDO:0009521
CHEBI:28680,MONDO:0009539
CHEBI:28680,MONDO:0009348
CHEBI:28680,MONDO:0009122
CHEBI:15367,MONDO:0007770
CHEBI:15367,MONDO:0010159
CHEBI:15367,MONDO:0007769
CHEBI:15367,MONDO:0007899
CHEBI:15367,MONDO:0011462
CHEBI:15367,MONDO:0008420
CHEMBL.COMPOUND:CHEMBL499458,MONDO:0010159
CHEMBL.COMPOUND:CHEMBL499458,MONDO:0018874
CHEMBL.COMPOUND:CHEMBL499458,MONDO:0011115
CHEMBL.COMPOUND:CHEMBL499458,MONDO:0009741
CHEMBL.COMPOUND:CHEMBL499458,MONDO:0007190
CHEMBL.COMPOUND:CHEMBL499458,MONDO:0009975
CHEMBL.COMPOUND:CHEMBL499458,MONDO:0009521
CHEMBL.COMPOUND:CHEMBL499458,MONDO:0009539
CHEMBL.COMPOUND:CHEMBL499458,MONDO:0009348
CHEMBL.COMPOUND:CHEMBL499458,MONDO:0009122
CHEMBL.COMPOUND:CHEMBL499458,MONDO:0009994
CHEMBL.COMPOUND:CHEMBL499458,MONDO:0009693
CHEMBL.COMPOUND:CHEMBL499458,MONDO:0008679
CHEBI:63630,MONDO:0008199
CHEBI:63630,MONDO:0008193
CHEBI:18420,MONDO:0008591
CHEBI:18420,MONDO:0007186
CHEBI:8378,MONDO:0008974
CHEBI:8378,MONDO:0010159
CHEBI:8378,MONDO:0010580
CHEBI:8378,MONDO:0007816
CHEBI:8378,MONDO:0010874
CHEBI:8378,MONDO:0021571
CHEBI:8378,MONDO:0007831
CHEMBL.COMPOUND:CHEMBL606,MONDO:0008591
CHEMBL.COMPOUND:CHEMBL606,MONDO:0007704
CHEBI:6413,MONDO:0016419
CHEBI:4445,MONDO:0007830
CHEBI:4445,OMIM:608622
CHEBI:4445,MONDO:0008071
CHEBI:17336,MONDO:0010182
CHEBI:17336,MONDO:0007272
CHEBI:8887,MONDO:0008000
CHEBI:7865,MONDO:0007830
CHEBI:8871,MONDO:0009167
CHEBI:8871,MONDO:0011953
CHEBI:8871,MONDO:0008444
CHEBI:8871,MONDO:0010340
CHEBI:8871,MONDO:0007661
CHEBI:8871,MONDO:0009851
CHEBI:8871,MONDO:0009164
CHEBI:8871,MONDO:0005090
CHEBI:63619,MONDO:0011857
CHEBI:9711,MONDO:0007782
CHEBI:9711,MONDO:0007830
CHEBI:64019,MONDO:0007201
CHEBI:64019,OMIM:608622
CHEBI:64019,MONDO:0024529
CHEBI:64019,MONDO:0008071
CHEBI:9667,MONDO:0008399
CHEBI:9667,MONDO:0008251
CHEBI:9667,MONDO:0008558
CHEBI:9667,MONDO:0008131
CHEBI:9667,MONDO:0008834
CHEBI:9667,MONDO:0007915
CHEBI:9667,MONDO:0007257
CHEBI:9667,MONDO:0007899
CHEBI:9667,MONDO:0007583
CHEBI:9667,MONDO:0009122
CHEBI:9667,MONDO:0007085
CHEBI:9667,MONDO:0007831
CHEBI:9667,MONDO:0007847
CHEBI:9605,MONDO:0012011
CHEBI:6761,MONDO:0007782
CHEBI:6761,MONDO:0010983
CHEBI:6761,MONDO:0008696
CHEBI:5100,MONDO:0007257
CHEBI:5100,MONDO:0008905
CHEBI:3996,MONDO:0008000
CHEBI:3996,MONDO:0007830
CHEBI:3996,MONDO:0010983
CHEBI:3996,MONDO:0008696
CHEBI:3996,MONDO:0008054
CHEBI:5790,MONDO:0011961
CHEBI:5790,MONDO:0007830
CHEBI:38545,MONDO:0007751
CHEBI:2972,MONDO:0007493
CHEBI:2972,MONDO:0011797
CHEBI:2972,MONDO:0008599
CHEBI:2972,MONDO:0007830
CHEBI:2972,MONDO:0021571
CHEBI:2972,MONDO:0010983
CHEBI:2972,MONDO:0007739
CHEBI:2972,MONDO:0008583
CHEMBL.COMPOUND:CHEMBL452231,MONDO:0007190
CHEMBL.COMPOUND:CHEMBL452231,MONDO:0009975
CHEMBL.COMPOUND:CHEMBL452231,MONDO:0009539
CHEMBL.COMPOUND:CHEMBL452231,MONDO:0009348
CHEMBL.COMPOUND:CHEMBL452231,MONDO:0009122
CHEMBL.COMPOUND:CHEMBL452231,MONDO:0008433
CHEBI:5106,MONDO:0008834
CHEBI:5106,MONDO:0010940
CHEBI:9398,MONDO:0010811
CHEBI:9398,MONDO:0007830
CHEBI:9398,MONDO:0010687
CHEBI:9398,MONDO:0008696
CHEBI:107736,MONDO:0008000
CHEBI:107736,MONDO:0007186
CHEBI:71941,MONDO:0011835
CHEBI:71941,MONDO:0008827
CHEBI:71941,MONDO:0007704
CHEBI:71941,MONDO:0011923
CHEBI:71941,MONDO:0008143
CHEBI:17347,MONDO:0008980
CHEBI:17347,MONDO:0009421
CHEBI:17347,MONDO:0016419
CHEBI:4551,MONDO:0011857
CHEBI:4551,MONDO:0012066
CHEBI:3699,MONDO:0010580
CHEBI:3699,MONDO:0009912
CHEBI:3699,MONDO:0008591
CHEBI:3699,MONDO:0007186
CHEBI:8888,MONDO:0007433
CHEBI:8888,MONDO:0008199
CHEBI:8888,MONDO:0007053
CHEBI:8888,MONDO:0008193
CHEBI:6443,MONDO:0008487
CHEBI:6443,MONDO:0007541
CHEBI:6443,MONDO:0008635
CHEBI:8412,MONDO:0011891
CHEBI:8412,MONDO:0008590
CHEBI:8412,MONDO:0020759
CHEBI:8412,MONDO:0020772
CHEBI:8412,MONDO:0011491
CHEBI:8412,MONDO:0008591
CHEBI:8412,MONDO:0011970
CHEBI:8412,MONDO:0008836
CHEBI:8412,MONDO:0011892
CHEBI:8412,MONDO:0010339
CHEBI:8412,MONDO:0007366
CHEBI:8412,MONDO:0007559
CHEBI:8412,MONDO:0009013
CHEBI:8412,MONDO:0007558
CHEBI:8412,MONDO:0007560
CHEBI:8412,MONDO:0011875
CHEBI:8412,MONDO:0009976
CHEBI:64028,MONDO:0007739
CHEBI:8245,MONDO:0008834
CHEBI:8245,MONDO:0010940
CHEBI:41977,MONDO:0010159
CHEBI:41977,MONDO:0018874
CHEBI:41977,MONDO:0007845
CHEBI:41977,MONDO:0009539
CHEBI:41977,MONDO:0009122
CHEBI:6061,MONDO:0024533
CHEBI:6061,MONDO:0007186
CHEBI:6061,MONDO:0012011
CHEBI:6061,MONDO:0008071
CHEBI:6539,MONDO:0009648
CHEBI:6539,MONDO:0008583
CHEBI:6539,MONDO:0008187
CHEBI:27504,MONDO:0007648
CHEBI:27504,MONDO:0001187
CHEBI:17026,MONDO:0009013
CHEBI:77906,MONDO:0011462
CHEBI:9588,MONDO:0008559
CHEBI:17263,MONDO:0008980
CHEBI:17263,MONDO:0010706
CHEMBL.COMPOUND:CHEMBL1200978,MONDO:0010159
CHEBI:5441,MONDO:0007455
CHEBI:5441,MONDO:0007453
CHEBI:5441,MONDO:0010894
CHEBI:5441,MONDO:0007452
CHEBI:16347,MONDO:0008919
CHEBI:50922,MONDO:0011851
CHEBI:50922,MONDO:0008000
CHEBI:50922,MONDO:0011850
CHEBI:50922,MONDO:0011847
CHEBI:50922,MONDO:0011845
CHEBI:50922,MONDO:0010253
CHEBI:17439,MONDO:0008228
CHEBI:3127,MONDO:0007201
CHEBI:3127,MONDO:0024529
CHEBI:5165,MONDO:0009399
CHEBI:5165,MONDO:0009013
CHEBI:47977,MONDO:0011835
CHEBI:47977,MONDO:0008827
CHEBI:47977,MONDO:0007704
CHEBI:47977,MONDO:0011923
CHEBI:47977,MONDO:0008143
CHEBI:9613,MONDO:0007455
CHEBI:9613,MONDO:0007453
CHEBI:9613,MONDO:0010894
CHEBI:9613,MONDO:0007452
CHEBI:41423,MONDO:0021056
CHEBI:41423,MONDO:0011835
CHEBI:41423,MONDO:0008284
CHEBI:41423,MONDO:0008827
CHEBI:41423,MONDO:0009521
CHEBI:41423,MONDO:0007612
CHEBI:41423,MONDO:0007830
CHEBI:41423,MONDO:0007704
CHEBI:41423,MONDO:0011923
CHEBI:41423,MONDO:0008143
CHEBI:50275,MONDO:0008591
CHEBI:50275,MONDO:0010853
CHEBI:50275,MONDO:0007186
CHEBI:4450,MONDO:0007450
CHEBI:4450,OMIM:304900
CHEBI:4450,MONDO:0007595
CHEBI:4450,MONDO:0010941
CHEBI:4450,MONDO:0010910
CHEMBL.COMPOUND:CHEMBL119,MONDO:0007179
CHEBI:2453,MONDO:0010001
CHEBI:4953,MONDO:0016419
CHEBI:50815,MONDO:0007541
CHEBI:50815,MONDO:0011462
CHEBI:50815,MONDO:0008635
CHEBI:4672,MONDO:0010159
CHEBI:4672,MONDO:0007964
CHEBI:4672,MONDO:0007963
CHEBI:4672,MONDO:0023122
CHEBI:4672,MONDO:0016419
CHEBI:4672,MONDO:0007648
CHEBI:86990,MONDO:0007542
CHEBI:86990,MONDO:0009648
CHEBI:86990,MONDO:0008114
CHEBI:86990,MONDO:0008187
CHEBI:86990,MONDO:0005090
CHEBI:86990,MONDO:0011846
CHEBI:46557,MONDO:0020739
CHEBI:46557,MONDO:0007057
CHEBI:46557,MONDO:0010159
CHEBI:46557,MONDO:0011183
CHEBI:46557,MONDO:0008178
CHEBI:46557,MONDO:0009693
CHEBI:46557,OMIM:605839
CHEBI:5130,MONDO:0011835
CHEBI:5130,MONDO:0007935
CHEBI:5130,MONDO:0008827
CHEBI:5130,MONDO:0018690
CHEBI:5130,MONDO:0007704
CHEBI:5130,MONDO:0011923
CHEBI:5130,MONDO:0008143
CHEBI:92607,MONDO:0008000
CHEBI:27999,MONDO:0007455
CHEBI:27999,MONDO:0007453
CHEBI:27999,MONDO:0010894
CHEBI:27999,MONDO:0007452
CHEMBL.COMPOUND:CHEMBL649,MONDO:0008590
CHEMBL.COMPOUND:CHEMBL649,MONDO:0007201
CHEMBL.COMPOUND:CHEMBL649,MONDO:0008591
CHEMBL.COMPOUND:CHEMBL649,OMIM:608622
CHEMBL.COMPOUND:CHEMBL649,MONDO:0024529
CHEMBL.COMPOUND:CHEMBL649,MONDO:0008071
CHEBI:8069,MONDO:0007365
CHEBI:8069,MONDO:0009380
CHEBI:8069,MONDO:0009379
CHEBI:8069,MONDO:0021020
CHEBI:8069,MONDO:0008822
CHEBI:8069,MONDO:0008591
CHEBI:8069,MONDO:0011990
CHEBI:8069,MONDO:0007366
CHEBI:8069,MONDO:0010634
CHEBI:8069,MONDO:0009013
CHEBI:8069,MONDO:0007745
CHEBI:8069,MONDO:0009172
CHEBI:6456,MONDO:0007830
CHEBI:7476,MONDO:0011835
CHEBI:7476,MONDO:0007885
CHEBI:7476,MONDO:0007782
CHEBI:7476,MONDO:0008000
CHEBI:7476,MONDO:0008827
CHEBI:7476,MONDO:0009648
CHEBI:7476,MONDO:0007830
CHEBI:7476,MONDO:0007583
CHEBI:7476,MONDO:0007584
CHEBI:7476,MONDO:0007704
CHEBI:7476,MONDO:0011923
CHEBI:7476,MONDO:0008143
CHEMBL.COMPOUND:CHEMBL997,MONDO:0007057
CHEMBL.COMPOUND:CHEMBL997,MONDO:0005298
CHEBI:474053,MONDO:0010939
CHEBI:49662,MONDO:0011242
CHEBI:49662,MONDO:0011835
CHEBI:49662,MONDO:0008000
CHEBI:49662,MONDO:0008827
CHEBI:49662,MONDO:0009904
CHEBI:49662,MONDO:0009519
CHEBI:49662,MONDO:0007830
CHEBI:49662,MONDO:0007583
CHEBI:49662,MONDO:0007584
CHEBI:49662,MONDO:0007704
CHEBI:49662,MONDO:0011923
CHEBI:49662,MONDO:0008143
CHEBI:38940,MONDO:0007763
CHEBI:38940,OMIM:605839
CHEBI:4681,MONDO:0011857
CHEBI:4681,MONDO:0020745
CHEBI:4681,MONDO:0012066
CHEBI:6807,MONDO:0007830
CHEBI:41774,MONDO:0018919
CHEBI:41774,MONDO:0016419
CHEBI:7627,MONDO:0007057
CHEBI:7627,MONDO:0008980
CHEBI:7627,MONDO:0008487
CHEBI:7627,MONDO:0007541
CHEBI:7627,MONDO:0011462
CHEBI:7627,MONDO:0008635
CHEBI:3485,MONDO:0008834
CHEBI:3485,MONDO:0008162
CHEBI:8249,MONDO:0011835
CHEBI:8249,MONDO:0008827
CHEBI:8249,MONDO:0007704
CHEBI:8249,MONDO:0011923
CHEBI:8249,MONDO:0008143
CHEBI:9014,MONDO:0007782
CHEBI:9014,MONDO:0007830
CHEBI:2379,OMIM:608622
CHEBI:2379,MONDO:0008071
DRUGBANK:DB01225,MONDO:0009276
DRUGBANK:DB01225,MONDO:0007954
DRUGBANK:DB01225,MONDO:0010119
DRUGBANK:DB01225,MONDO:0008559
CHEBI:4646,MONDO:0011129
CHEBI:4646,MONDO:0007664
CHEBI:4646,MONDO:0007665
CHEBI:4646,MONDO:0008071
CHEBI:63082,MONDO:0008859
CHEBI:63082,MONDO:0008834
CHEBI:63082,MONDO:0010940
CHEBI:5778,MONDO:0007057
CHEBI:5778,MONDO:0008974
CHEBI:5778,MONDO:0007450
CHEBI:5778,MONDO:0010874
CHEBI:5778,OMIM:608622
CHEBI:5778,MONDO:0008829
CHEBI:5778,MONDO:0008071
CHEBI:64312,MONDO:0011513
CHEBI:64312,MONDO:0007433
CHEBI:64312,MONDO:0007088
CHEBI:8093,MONDO:0007782
CHEBI:8093,MONDO:0007803
CHEBI:8093,MONDO:0011129
CHEBI:8093,MONDO:0011961
CHEBI:8093,MONDO:0007664
CHEBI:8093,MONDO:0007665
CHEBI:8093,MONDO:0007831
CHEBI:91766,MONDO:0010580
CHEBI:91766,MONDO:0008591
CHEBI:91766,MONDO:0010853
CHEBI:91766,MONDO:0007186
CHEBI:4638,MONDO:0007782
CHEBI:4638,MONDO:0007972
CHEBI:3011,MONDO:0007797
CHEBI:3011,OMIM:608622
CHEBI:3011,MONDO:0008071
CHEBI:50131,MONDO:0009532
CHEBI:50131,MONDO:0010978
CHEBI:267413,MONDO:0009960
CHEBI:48131,MONDO:0011462
CHEBI:6792,MONDO:0008859
CHEBI:6792,MONDO:0008834
CHEBI:6792,MONDO:0010940
CHEBI:3048,MONDO:0007433
CHEBI:3048,MONDO:0008199
CHEBI:3048,MONDO:0008193
CHEBI:2948,MONDO:0008399
CHEBI:2948,MONDO:0008558
CHEBI:2948,MONDO:0009313
CHEBI:2948,MONDO:0008842
CHEBI:2948,MONDO:0007915
CHEBI:2948,MONDO:0009688
CHEBI:2948,MONDO:0021571
CHEBI:2948,MONDO:0008049
CHEBI:2948,MONDO:0009960
CHEBI:6912,MONDO:0008233
CHEBI:5613,MONDO:0008444
CHEBI:5613,MONDO:0007661
CHEBI:5613,MONDO:0007488
CHEBI:5613,MONDO:0005090
CHEBI:2639,MONDO:0008974
CHEBI:2639,OMIM:608622
CHEBI:2639,MONDO:0008829
CHEBI:2639,MONDO:0008071
CHEBI:7903,MONDO:0020739
CHEBI:7903,MONDO:0007057
CHEBI:7903,MONDO:0010159
CHEBI:7903,MONDO:0008152
CHEBI:7903,MONDO:0007056
CHEBI:7903,MONDO:0005298
CHEBI:7903,MONDO:0008178
CHEBI:7903,MONDO:0016419
CHEBI:7903,MONDO:0009693
CHEBI:63617,MONDO:0008199
CHEBI:63617,MONDO:0008193
CHEBI:49375,MONDO:0010159
CHEBI:49375,MONDO:0009539
CHEBI:49375,MONDO:0009122
CHEMBL.COMPOUND:CHEMBL2368925,MONDO:0007782
CHEBI:10650,MONDO:0008000
CHEBI:10650,MONDO:0010253
CHEBI:87732,MONDO:0011857
CHEBI:87732,MONDO:0007140
CHEBI:87732,MONDO:0010789
CHEBI:87732,MONDO:0000914
CHEBI:87732,MONDO:0012066
CHEBI:87732,MONDO:0020671
CHEBI:50730,MONDO:0008859
CHEBI:50730,MONDO:0008834
CHEBI:50730,MONDO:0010940
CHEBI:8805,MONDO:0007455
CHEBI:8805,MONDO:0007453
CHEBI:8805,MONDO:0010894
CHEBI:8805,MONDO:0007452
CHEBI:116735,MONDO:0007830
CHEBI:116735,MONDO:0008162
CHEBI:6073,MONDO:0008364
CHEBI:6073,OMIM:608622
CHEBI:6073,MONDO:0008071
CHEBI:63638,MONDO:0010632
CHEBI:63638,MONDO:0011506
CHEBI:63638,MONDO:0009013
CHEBI:9599,MONDO:0008000
CHEBI:9599,MONDO:0011129
CHEBI:9599,MONDO:0007664
CHEBI:9599,MONDO:0010253
CHEBI:9599,OMIM:608622
CHEBI:9599,MONDO:0007665
CHEBI:9599,MONDO:0008071
CHEBI:746859,MONDO:0011129
CHEBI:746859,MONDO:0007664
CHEBI:746859,MONDO:0007665
CHEBI:746859,MONDO:0008071
CHEBI:42820,MONDO:0010732
CHEBI:42820,MONDO:0007234
CHEBI:42820,MONDO:0009030
CHEBI:5004,MONDO:0011835
CHEBI:5004,MONDO:0008827
CHEBI:5004,MONDO:0007830
CHEBI:5004,MONDO:0007704
CHEBI:5004,MONDO:0011923
CHEBI:5004,MONDO:0008143
CHEBI:4702,MONDO:0011129
CHEBI:4702,MONDO:0007664
CHEBI:4702,MONDO:0007665
CHEBI:4702,MONDO:0008071
CHEBI:6970,MONDO:0009313
CHEBI:6970,MONDO:0008834
CHEBI:6970,MONDO:0010940
CHEBI:61049,MONDO:0011292
CHEBI:51209,MONDO:0007782
CHEBI:51209,MONDO:0008834
CHEBI:51209,MONDO:0011961
CHEBI:51209,MONDO:0010940
CHEBI:4453,MONDO:0008487
CHEBI:4453,MONDO:0007541
CHEBI:4453,MONDO:0008635
CHEBI:6706,MONDO:0007661
CHEBI:6706,MONDO:0007781
CHEBI:6706,OMIM:608622
CHEBI:6706,MONDO:0008071
CHEBI:16914,MONDO:0007830
CHEBI:16914,MONDO:0011462
CHEBI:16914,MONDO:0007127
CHEBI:16914,MONDO:0007446
CHEBI:28876,MONDO:0009741
CHEBI:28876,MONDO:0009994
CHEBI:28876,MONDO:0009693
CHEBI:51141,MONDO:0010811
CHEBI:51141,MONDO:0007830
CHEBI:51141,MONDO:0008696
CHEBI:49575,MONDO:0010983
CHEBI:49575,MONDO:0009013
CHEBI:49575,MONDO:0007972
CHEBI:50841,MONDO:0005090
CHEBI:84276,MONDO:0007743
CHEBI:4814,OMIM:608622
CHEBI:4814,MONDO:0008071
DRUGBANK:DB00017,MONDO:0020739
DRUGBANK:DB00017,MONDO:0005298
DRUGBANK:DB00017,MONDO:0011183
DRUGBANK:DB00017,MONDO:0008178
CHEBI:175901,MONDO:0007763
CHEBI:175901,MONDO:0016419
CHEBI:175901,OMIM:605839
CHEBI:50885,MONDO:0009648
CHEBI:50885,MONDO:0024529
CHEBI:2611,MONDO:0009648
CHEBI:2611,MONDO:0008187
CHEBI:61033,MONDO:0008559
CHEBI:63598,MONDO:0008834
CHEBI:63598,MONDO:0008162
CHEBI:36791,MONDO:0008114
CHEBI:39548,MONDO:0007751
CHEBI:17015,MONDO:0007782
CHEBI:8024,MONDO:0007797
CHEBI:8024,MONDO:0000914
CHEBI:8024,MONDO:0012011
CHEBI:8707,MONDO:0008114
CHEBI:8707,MONDO:0005090
CHEBI:2663,MONDO:0020745
CHEBI:29073,MONDO:0009605
CHEBI:29073,MONDO:0008788
CHEBI:29073,MONDO:0009412
CHEBI:40237,MONDO:0007455
CHEBI:40237,MONDO:0007453
CHEBI:40237,MONDO:0010894
CHEBI:40237,MONDO:0007452
CHEBI:28487,OMIM:608622
CHEBI:28487,MONDO:0008071
CHEBI:5001,MONDO:0007762
CHEBI:5001,MONDO:0007751
CHEBI:7601,MONDO:0010580
CHEBI:7601,MONDO:0008591
CHEBI:7601,MONDO:0010853
CHEBI:7601,MONDO:0007186
CHEBI:6757,MONDO:0007085
CHEBI:5384,MONDO:0007455
CHEBI:5384,MONDO:0007453
CHEBI:5384,MONDO:0010894
CHEBI:5384,MONDO:0007452
CHEBI:43755,MONDO:0007797
CHEBI:43755,MONDO:0000914
CHEBI:43755,OMIM:608622
CHEBI:43755,MONDO:0012011
CHEBI:43755,MONDO:0008071
CHEBI:3112,MONDO:0007433
CHEBI:3112,MONDO:0008193
CHEBI:6716,MONDO:0007057
CHEBI:6716,MONDO:0007763
CHEBI:6716,MONDO:0007541
CHEBI:6716,MONDO:0008635
CHEBI:6716,OMIM:605839
CHEBI:8107,MONDO:0008131
CHEBI:8107,MONDO:0020745
CHEBI:8107,MONDO:0009013
CHEBI:8107,MONDO:0007085
CHEMBL.COMPOUND:CHEMBL1981292,MONDO:0007794
CHEBI:50381,MONDO:0009265
CHEBI:50924,MONDO:0008566
CHEBI:50924,MONDO:0007763
CHEBI:50924,MONDO:0007256
CHEBI:50924,OMIM:605839
CHEBI:6343,MONDO:0008233
CHEBI:6343,MONDO:0007201
CHEBI:6343,OMIM:608622
CHEBI:6343,MONDO:0024529
CHEBI:6343,MONDO:0008071
CHEBI:453011,MONDO:0007257
CHEBI:453011,MONDO:0007446
CHEMBL.COMPOUND:CHEMBL1201288,MONDO:0011797
CHEMBL.COMPOUND:CHEMBL1201288,MONDO:0007783
CHEMBL.COMPOUND:CHEMBL1201288,MONDO:0010789
CHEMBL.COMPOUND:CHEMBL1201288,MONDO:0007940
CHEMBL.COMPOUND:CHEMBL1201288,MONDO:0000914
CHEMBL.COMPOUND:CHEMBL1201288,MONDO:0021571
CHEMBL.COMPOUND:CHEMBL1201288,MONDO:0010983
CHEMBL.COMPOUND:CHEMBL1201288,MONDO:0009012
CHEMBL.COMPOUND:CHEMBL1201288,MONDO:0009391
CHEMBL.COMPOUND:CHEMBL1201288,MONDO:0020671
CHEBI:2654,MONDO:0010001
CHEBI:8461,MONDO:0011961
CHEBI:8461,MONDO:0008015
CHEBI:8461,MONDO:0007831
CHEBI:77585,MONDO:0021571
CHEBI:77585,MONDO:0007623
CHEBI:77585,MONDO:0007147
CHEBI:77585,MONDO:0007743
CHEBI:45716,MONDO:0010159
CHEBI:45716,MONDO:0009691
CHEBI:31397,MONDO:0008834
CHEBI:48376,MONDO:0008251
CHEBI:8713,MONDO:0007797
CHEBI:8713,OMIM:608622
CHEBI:8713,MONDO:0008071
CHEBI:3764,MONDO:0007257
CHEBI:3764,MONDO:0008905
CHEBI:16684,MONDO:0008591
CHEBI:16684,MONDO:0009172
CHEBI:7773,MONDO:0007782
CHEBI:7773,MONDO:0008114
CHEBI:7773,MONDO:0007079
CHEBI:132233,MONDO:0007743
CHEBI:114785,MONDO:0007763
CHEBI:6741,MONDO:0011835
CHEBI:6741,MONDO:0008827
CHEBI:6741,MONDO:0007584
CHEBI:6741,MONDO:0007704
CHEBI:6741,MONDO:0011923
CHEBI:6741,MONDO:0008143
CHEBI:51450,MONDO:0024533
CHEBI:51450,MONDO:0008071
CHEBI:2904,MONDO:0007201
CHEBI:2904,MONDO:0024529
CHEBI:45980,MONDO:0011513
CHEBI:45980,MONDO:0007433
CHEBI:45980,MONDO:0007088
CHEBI:3743,MONDO:0008617
CHEBI:3743,MONDO:0009172
CHEBI:6121,MONDO:0007830
CHEBI:64318,MONDO:0008000
CHEBI:64318,MONDO:0010253
CHEBI:6062,MONDO:0007186
CHEBI:6062,MONDO:0012011
CHEBI:5062,MONDO:0010811
CHEBI:5062,MONDO:0007184
CHEBI:5062,MONDO:0007830
CHEBI:5062,MONDO:0008696
CHEBI:5062,MONDO:0007085
CHEBI:3175,MONDO:0011129
CHEBI:3175,MONDO:0007664
CHEBI:3175,MONDO:0007665
CHEBI:3175,MONDO:0008071
DRUGBANK:DB05259,MONDO:0021571
CHEBI:6541,MONDO:0007797
CHEBI:6541,MONDO:0007781
CHEBI:6541,OMIM:608622
CHEBI:6541,MONDO:0008071
CHEBI:42944,MONDO:0011513
CHEBI:42944,MONDO:0007433
CHEBI:42944,MONDO:0007088
CHEBI:50729,MONDO:0018874
CHEBI:50729,MONDO:0007190
CHEBI:50729,MONDO:0009975
CHEBI:50729,MONDO:0007830
CHEBI:50729,MONDO:0021571
CHEBI:50729,MONDO:0009539
CHEBI:50729,MONDO:0009348
CHEBI:50729,MONDO:0023122
CHEBI:8448,MONDO:0007433
CHEBI:8448,MONDO:0008199
CHEBI:8448,MONDO:0008193
CHEBI:4788,MONDO:0020745
CHEBI:8874,MONDO:0011513
CHEBI:8874,MONDO:0007433
CHEBI:8874,MONDO:0008193
CHEBI:8874,MONDO:0007088
CHEBI:2673,MONDO:0009399
CHEBI:2673,MONDO:0009013
CHEBI:9566,MONDO:0005090
CHEBI:63631,MONDO:0008000
CHEBI:63631,MONDO:0009912
CHEBI:63631,MONDO:0010632
CHEBI:63631,MONDO:0011506
CHEBI:63631,MONDO:0007830
CHEBI:63631,MONDO:0010253
CHEBI:63631,MONDO:0011846
CHEBI:8430,MONDO:0007830
CHEBI:28241,MONDO:0009842
CHEBI:28241,MONDO:0020745
CHEBI:28241,MONDO:0008364
DRUGBANK:DB00067,MONDO:0007450
DRUGBANK:DB00067,OMIM:304900
CHEBI:6067,MONDO:0018874
CHEBI:6067,MONDO:0011462
CHEBI:4975,MONDO:0010580
CHEBI:4975,MONDO:0008591
CHEBI:4975,MONDO:0010853
CHEBI:4975,MONDO:0007186
CHEBI:38561,MONDO:0007751
CHEBI:16714,MONDO:0007782
CHEBI:16714,MONDO:0011961
CHEBI:16714,MONDO:0007704
CHEBI:6960,MONDO:0007797
CHEBI:6960,OMIM:608622
CHEBI:6960,MONDO:0008071
CHEBI:4868,MONDO:0011098
CHEBI:4868,MONDO:0023122
CHEBI:6427,MONDO:0010811
CHEBI:6427,MONDO:0011098
CHEBI:6427,MONDO:0007886
CHEBI:6427,MONDO:0007541
CHEBI:6427,MONDO:0011462
CHEBI:6427,MONDO:0008285
CHEBI:6427,MONDO:0023122
CHEBI:6933,MONDO:0009648
CHEBI:6933,MONDO:0007803
CHEBI:6933,MONDO:0024529
CHEBI:2549,MONDO:0008834
CHEBI:2549,MONDO:0010940
CHEBI:3640,MONDO:0008974
CHEBI:3640,MONDO:0008859
CHEBI:3640,MONDO:0009733
CHEBI:3640,MONDO:0010874
CHEBI:3640,MONDO:0008758
CHEBI:3640,OMIM:608622
CHEBI:3640,MONDO:0008071
CHEMBL.COMPOUND:CHEMBL1580,MONDO:0010159
CHEBI:31414,MONDO:0007899
CHEBI:31414,MONDO:0007446
CHEBI:9434,MONDO:0007781
CHEBI:9434,OMIM:608622
CHEBI:9434,MONDO:0008071
CHEBI:6128,MONDO:0011835
CHEBI:6128,MONDO:0007782
CHEBI:6128,MONDO:0008827
CHEBI:6128,MONDO:0007704
CHEBI:6128,MONDO:0011923
CHEBI:6128,MONDO:0008143
CHEBI:3216,MONDO:0007830
CHEBI:4031,MONDO:0007915
CHEBI:4031,MONDO:0009688
CHEBI:4469,MONDO:0007623
CHEBI:4469,MONDO:0007743
CHEBI:8502,MONDO:0010138
CHEBI:31441,MONDO:0008834
CHEBI:31441,MONDO:0010940
CHEBI:7575,MONDO:0000914
CHEBI:7575,MONDO:0020671
CHEBI:16467,MONDO:0009070
CHEBI:48416,OMIM:608622
CHEBI:48416,MONDO:0008071
CHEBI:9927,OMIM:608622
CHEBI:9927,MONDO:0008071
CHEBI:42068,MONDO:0018874
CHEBI:42068,MONDO:0009539
CHEBI:42068,MONDO:0009122
CHEBI:9352,MONDO:0021056
CHEBI:9352,MONDO:0011835
CHEBI:9352,MONDO:0008827
CHEBI:9352,MONDO:0007830
CHEBI:9352,MONDO:0007584
CHEBI:9352,MONDO:0007704
CHEBI:9352,MONDO:0011923
CHEBI:9352,MONDO:0008143
CHEBI:2668,MONDO:0000914
CHEBI:2668,MONDO:0008364
CHEBI:2668,MONDO:0007781
CHEBI:2668,OMIM:608622
CHEBI:2668,MONDO:0012011
CHEBI:2668,MONDO:0008071
CHEBI:3437,MONDO:0007664
CHEBI:3437,OMIM:608622
CHEBI:3437,MONDO:0008071
CHEBI:8059,MONDO:0009912
CHEBI:8059,MONDO:0010558
CHEBI:8059,MONDO:0019182
CHEBI:6076,MONDO:0009781
CHEBI:6076,MONDO:0007257
CHEBI:6076,MONDO:0008905
CHEBI:6076,MONDO:0011179
CHEBI:28052,MONDO:0007455
CHEBI:28052,MONDO:0007453
CHEBI:28052,MONDO:0010894
CHEBI:28052,MONDO:0007452
CHEBI:4728,MONDO:0008859
CHEBI:4728,MONDO:0008834
CHEBI:4728,MONDO:0010940
DRUGBANK:DB00364,MONDO:0008591
DRUGBANK:DB00364,MONDO:0007186
DRUGBANK:DB00364,MONDO:0008071
CHEBI:92246,MONDO:0010580
CHEBI:92246,MONDO:0008591
CHEBI:92246,MONDO:0007186
CHEBI:480999,MONDO:0009348
CHEBI:9720,MONDO:0008193
CHEBI:4659,MONDO:0007079
CHEBI:8428,MONDO:0011857
CHEBI:8428,MONDO:0020745
CHEBI:8428,MONDO:0012066
CHEBI:31236,MONDO:0008114
CHEBI:31236,MONDO:0005090
CHEBI:2627,MONDO:0009688
CHEBI:4514,MONDO:0010580
CHEBI:4514,MONDO:0010874
CHEBI:2659,MONDO:0008859
CHEBI:2659,MONDO:0008834
CHEBI:2659,MONDO:0010940
CHEBI:3650,MONDO:0007455
CHEBI:3650,MONDO:0007453
CHEBI:3650,MONDO:0010894
CHEBI:3650,MONDO:0007452
CHEBI:4562,MONDO:0007782
CHEBI:4562,MONDO:0008000
CHEBI:4562,MONDO:0010253
CHEBI:15640,MONDO:0008314
CHEBI:15640,MONDO:0002629
CHEBI:15640,MONDO:0005575
CHEBI:4657,MONDO:0020745
CHEBI:15407,MONDO:0008834
CHEBI:15407,MONDO:0010940
CHEBI:6367,MONDO:0009399
CHEBI:6367,MONDO:0007050
CHEBI:6367,MONDO:0009013
CHEBI:6367,MONDO:0005090
CHEBI:4315,MONDO:0008974
CHEBI:4315,MONDO:0011115
CHEBI:4315,MONDO:0010874
CHEBI:4315,MONDO:0007541
CHEBI:10112,MONDO:0008834
CHEBI:10112,MONDO:0010940
CHEBI:9137,MONDO:0009912
CHEBI:9137,MONDO:0010558
CHEBI:9137,MONDO:0019182
CHEBI:47780,MONDO:0008114
CHEBI:47780,MONDO:0008187
CHEBI:7731,MONDO:0010853
CHEBI:7731,MONDO:0008162
CHEBI:51230,MONDO:0011129
CHEBI:51230,MONDO:0007664
CHEBI:51230,MONDO:0007665
CHEBI:51230,MONDO:0008071
CHEBI:8228,MONDO:0007455
CHEBI:8228,MONDO:0007453
CHEBI:8228,MONDO:0010894
CHEBI:8228,MONDO:0007452
CHEBI:42355,MONDO:0011462
CHEBI:48273,MONDO:0008000
CHEBI:15756,MONDO:0010182
CHEBI:15756,MONDO:0007272
CHEBI:6384,MONDO:0011129
CHEBI:6384,MONDO:0007664
CHEBI:6384,MONDO:0007665
CHEBI:6384,MONDO:0008071
CHEBI:6838,MONDO:0007830
CHEBI:3387,MONDO:0007493
CHEBI:3387,MONDO:0008131
CHEBI:3387,MONDO:0007053
CHEBI:3387,MONDO:0008599
CHEBI:3387,MONDO:0005090
CHEBI:3387,MONDO:0007085
CHEBI:119915,MONDO:0007830
CHEBI:3766,MONDO:0005090
CHEBI:3720,MONDO:0010580
CHEBI:6942,OMIM:608622
CHEBI:6942,MONDO:0008071
CHEBI:6942,MONDO:0007085
CHEBI:9123,MONDO:0007542
CHEBI:9123,MONDO:0009648
CHEBI:9123,MONDO:0008114
CHEBI:9123,MONDO:0008187
CHEBI:27958,MONDO:0011961
CHEBI:27958,MONDO:0007830
CHEBI:8356,MONDO:0007433
CHEBI:8356,MONDO:0008199
CHEBI:8356,MONDO:0007053
CHEBI:8356,MONDO:0008193
CHEBI:7789,MONDO:0008000
CHEBI:7789,MONDO:0007830
CHEBI:7789,MONDO:0008696
CHEBI:7789,MONDO:0008054
CHEBI:5959,MONDO:0007455
CHEBI:5959,MONDO:0007797
CHEBI:5959,OMIM:608622
CHEBI:5959,MONDO:0007453
CHEBI:5959,MONDO:0010894
CHEBI:5959,MONDO:0007452
CHEBI:5959,MONDO:0008071
CHEBI:5523,MONDO:0011098
CHEBI:5523,MONDO:0007541
CHEBI:5523,MONDO:0023122
CHEBI:5523,MONDO:0016419
CHEBI:83804,MONDO:0005090
CHEBI:3380,MONDO:0008974
CHEBI:3380,MONDO:0011242
CHEBI:3380,MONDO:0007797
CHEBI:3380,MONDO:0010874
CHEBI:3380,MONDO:0008364
CHEBI:3380,OMIM:608622
CHEBI:3380,MONDO:0008071
CHEBI:3032,MONDO:0011961
CHEBI:3181,MONDO:0008193
CHEBI:7565,MONDO:0008364
CHEBI:7565,OMIM:608622
CHEBI:7565,MONDO:0008071
CHEBI:8869,MONDO:0007057
CHEBI:8869,MONDO:0005298
CHEBI:8869,MONDO:0011183
CHEBI:8869,MONDO:0008178
CHEBI:724125,MONDO:0007127
CHEBI:9598,MONDO:0011183
CHEBI:9598,MONDO:0008178
CHEBI:80630,MONDO:0010159
CHEBI:80630,MONDO:0009521
CHEBI:80630,MONDO:0009122
CHEBI:80630,MONDO:0005575
CHEBI:135876,MONDO:0001187
CHEBI:691037,MONDO:0009313
CHEBI:15765,MONDO:0007053
CHEBI:15765,MONDO:0008193
CHEBI:31355,MONDO:0010159
CHEBI:31355,MONDO:0007576
CHEBI:31355,MONDO:0002629
CHEBI:31355,MONDO:0001187
CHEBI:4710,MONDO:0011292
CHEBI:4710,MONDO:0007830
CHEBI:40303,MONDO:0007751
CHEBI:40303,MONDO:0012011
CHEBI:585948,MONDO:0008364
CHEBI:585948,OMIM:608622
CHEBI:585948,MONDO:0008071
CHEBI:18405,MONDO:0009399
CHEBI:18405,MONDO:0009013
CHEBI:133809,MONDO:0011857
CHEBI:6780,MONDO:0005090
CHEBI:3133,MONDO:0008834
CHEBI:3133,MONDO:0010940
CHEBI:64354,MONDO:0008974
CHEBI:64354,OMIM:608622
CHEBI:64354,MONDO:0008071
CHEBI:63632,MONDO:0010159
CHEBI:63632,MONDO:0008433
CHEBI:4995,MONDO:0007050
CHEBI:75273,MONDO:0008638
CHEBI:4784,MONDO:0007797
CHEBI:4784,OMIM:608622
CHEBI:4046,MONDO:0010732
CHEBI:4046,MONDO:0011707
CHEBI:4046,MONDO:0007234
CHEBI:4046,MONDO:0008000
CHEBI:4046,MONDO:0010253
CHEBI:4046,MONDO:0005090
CHEBI:4046,MONDO:0011728
CHEBI:4046,MONDO:0009030
CHEBI:4046,MONDO:0007831
CHEBI:4903,MONDO:0007057
CHEBI:4903,MONDO:0008980
CHEBI:4903,MONDO:0008487
CHEBI:4903,MONDO:0007541
CHEBI:4903,MONDO:0011462
CHEBI:4903,MONDO:0010706
CHEBI:4903,MONDO:0008635
CHEBI:6432,MONDO:0010159
CHEBI:28177,MONDO:0008859
CHEBI:28177,MONDO:0008834
CHEBI:28177,MONDO:0010940
CHEBI:77932,MONDO:0010853
CHEBI:77932,MONDO:0011462
CHEBI:77932,MONDO:0007655
CHEBI:6888,MONDO:0010159
CHEBI:6888,MONDO:0007816
CHEBI:6888,MONDO:0008834
CHEBI:6888,MONDO:0007704
CHEBI:6888,MONDO:0007179
CHEBI:6888,MONDO:0007831
DRUGBANK:DB00407,MONDO:0008559
CHEBI:68478,MONDO:0007763
CHEBI:68478,OMIM:605839
CHEBI:30769,MONDO:0011422
CHEBI:30769,MONDO:0008368
CHEBI:30769,MONDO:0010687
CHEBI:30769,MONDO:0008369
CHEBI:28787,MONDO:0008364
CHEBI:28787,MONDO:0008585
CHEBI:9334,MONDO:0007085
CHEBI:9334,MONDO:0009960
CHEBI:7443,MONDO:0007830
CHEBI:7443,MONDO:0007704
DRUGBANK:DB06285,MONDO:0007057
DRUGBANK:DB06285,MONDO:0005298
DRUGBANK:DB06285,MONDO:0011734
CHEBI:5555,OMIM:608622
CHEBI:5555,MONDO:0008071
CHEBI:135888,MONDO:0009313
CHEBI:135888,MONDO:0011292
CHEBI:6754,MONDO:0007830
CHEBI:7822,MONDO:0011835
CHEBI:7822,MONDO:0008827
CHEBI:7822,MONDO:0007704
CHEBI:7822,MONDO:0011923
CHEBI:7822,MONDO:0008143
CHEBI:75984,MONDO:0011857
CHEBI:52717,MONDO:0009693
CHEBI:46345,MONDO:0010159
CHEBI:46345,MONDO:0007127
CHEBI:46345,MONDO:0005575
CHEBI:46345,MONDO:0016419
CHEBI:46345,MONDO:0007648
CHEBI:5779,MONDO:0011961
CHEBI:5779,MONDO:0007830
CHEBI:45951,MONDO:0005090
CHEBI:3636,MONDO:0007830
CHEBI:15552,MONDO:0008558
CHEBI:15552,MONDO:0024533
CHEBI:15552,MONDO:0008071
CHEBI:4530,MONDO:0009912
CHEBI:4530,MONDO:0019182
CHEBI:8364,MONDO:0010811
CHEBI:8364,MONDO:0008007
CHEBI:8364,MONDO:0007830
CHEBI:8364,MONDO:0008364
CHEBI:8364,OMIM:608622
CHEBI:8364,MONDO:0008071
CHEBI:8364,MONDO:0008696
CHEBI:7454,MONDO:0007830
CHEBI:3655,MONDO:0007830
CHEBI:4591,MONDO:0007797
CHEBI:4591,MONDO:0009429
CHEBI:601027,MONDO:0007781
CHEBI:601027,OMIM:608622
CHEBI:601027,MONDO:0008071
CHEBI:4909,MONDO:0011835
CHEBI:4909,MONDO:0008827
CHEBI:4909,MONDO:0007830
CHEBI:4909,MONDO:0007704
CHEBI:4909,MONDO:0011923
CHEBI:4909,MONDO:0008143
CHEBI:63611,MONDO:0008834
CHEBI:17486,MONDO:0009842
CHEBI:17486,MONDO:0008591
CHEBI:17486,MONDO:0008696
CHEBI:17486,MONDO:0009172
CHEBI:17486,MONDO:0007754
CHEBI:6897,MONDO:0011129
CHEBI:6897,MONDO:0007664
CHEBI:6897,MONDO:0007665
CHEBI:8207,MONDO:0008071
CHEBI:247956,MONDO:0007830
CHEBI:16335,MONDO:0008685
CHEBI:9150,MONDO:0007751
CHEBI:3205,MONDO:0007782
CHEBI:51173,MONDO:0007830
CHEMBL.COMPOUND:CHEMBL1680,MONDO:0007454
CHEBI:2686,OMIM:212110
CHEBI:3647,MONDO:0007782
CHEBI:3647,MONDO:0005090
CHEBI:28940,MONDO:0007057
CHEBI:28940,MONDO:0005298
CHEBI:28940,MONDO:0009960
CHEBI:31174,MONDO:0011462
CHEBI:3348,OMIM:608622
CHEBI:3348,MONDO:0008071
CHEBI:37924,MONDO:0007179
CHEBI:15551,MONDO:0009273
CHEBI:48538,MONDO:0008199
CHEBI:48538,MONDO:0008193
CHEBI:15854,MONDO:0008696
CHEBI:8768,MONDO:0008591
CHEBI:8768,MONDO:0010853
CHEBI:8768,MONDO:0007186
CHEBI:3207,MONDO:0008859
CHEBI:3207,MONDO:0008834
CHEBI:3207,MONDO:0008617
CHEBI:3207,MONDO:0010940
CHEBI:3207,MONDO:0009960
CHEBI:50673,MONDO:0010138
CHEMBL.COMPOUND:CHEMBL4073796,MONDO:0007830
CHEBI:2618,MONDO:0008193
CHEBI:2618,MONDO:0021571
CHEBI:2618,MONDO:0007334
DRUGBANK:DB00611,MONDO:0007830
CHEBI:63791,MONDO:0009693
CHEBI:6005,MONDO:0008859
CHEBI:6005,MONDO:0008834
CHEBI:6005,MONDO:0010940
CHEBI:7856,MONDO:0007754
CHEBI:63622,MONDO:0011857
CHEBI:63622,MONDO:0012066
CHEBI:9288,MONDO:0009348
CHEBI:16027,MONDO:0008685
CHEBI:253342,MONDO:0009842
CHEBI:5537,MONDO:0007782
CHEBI:3286,MONDO:0010911
CHEBI:63616,MONDO:0010159
CHEBI:3219,MONDO:0009912
CHEBI:3219,MONDO:0008187
CHEBI:3219,MONDO:0007743
CHEBI:5557,OMIM:608622
CHEBI:5557,MONDO:0008071
CHEBI:94385,MONDO:0008559
CHEBI:18332,MONDO:0007681
CHEBI:18332,MONDO:0010138
CHEBI:18332,MONDO:0009718
CHEBI:18332,MONDO:0007699
CHEBI:8802,MONDO:0007830
CHEBI:41922,MONDO:0010159
CHEBI:6847,MONDO:0008974
CHEBI:8080,MONDO:0009912
CHEBI:8080,MONDO:0010558
CHEBI:8080,MONDO:0019182
CHEBI:76223,MONDO:0010624
CHEBI:76223,MONDO:0007830
CHEBI:3752,MONDO:0010052
CHEBI:3061,OMIM:608622
CHEBI:3061,MONDO:0008071
CHEBI:2401,MONDO:0005090
CHEBI:5296,MONDO:0009836
CHEBI:5296,MONDO:0007762
CHEBI:5296,MONDO:0007751
CHEBI:240107,MONDO:0008922
CHEBI:240107,MONDO:0007277
CHEBI:51041,MONDO:0007079
CHEBI:27690,MONDO:0008974
CHEBI:27690,MONDO:0009399
CHEBI:27690,MONDO:0010874
CHEBI:27690,MONDO:0007829
CHEBI:27690,MONDO:0009013
CHEBI:27690,MONDO:0009468
CHEBI:5123,MONDO:0005090
CHEBI:64064,MONDO:0008834
CHEBI:64064,MONDO:0010940
CHEBI:50838,MONDO:0008487
CHEBI:50838,MONDO:0011462
CHEBI:77431,MONDO:0007830
CHEBI:10119,MONDO:0007661
CHEBI:10119,MONDO:0005090
CHEBI:4470,MONDO:0007782
CHEBI:4470,MONDO:0011961
CHEBI:17823,MONDO:0007797
CHEBI:17823,MONDO:0010186
CHEBI:17823,MONDO:0010188
CHEBI:88206,OMIM:608622
CHEBI:88206,MONDO:0008071
CHEBI:51380,MONDO:0007782
CHEBI:51380,MONDO:0007831
CHEBI:6375,MONDO:0008591
CHEBI:6375,MONDO:0010853
CHEBI:6375,MONDO:0007186
CHEBI:102524,MONDO:0007782
CHEBI:102524,MONDO:0008000
CHEBI:134991,MONDO:0008000
CHEBI:5127,MONDO:0009313
CHEMBL.COMPOUND:CHEMBL1201360,MONDO:0009313
DRUGBANK:DB00290,MONDO:0007190
DRUGBANK:DB00290,MONDO:0009975
DRUGBANK:DB00290,MONDO:0010108
DRUGBANK:DB00290,MONDO:0009539
DRUGBANK:DB00290,MONDO:0009348
DRUGBANK:DB00290,MONDO:0007964
DRUGBANK:DB00290,MONDO:0007963
CHEBI:7465,MONDO:0007079
CHEBI:7596,OMIM:608622
CHEBI:7596,MONDO:0008071
CHEBI:63621,MONDO:0007179
CHEBI:10124,MONDO:0008000
CHEBI:4653,MONDO:0020671
CHEBI:5132,MONDO:0023122
CHEBI:204734,MONDO:0009313
CHEBI:3654,OMIM:608622
CHEBI:3654,MONDO:0008071
CHEBI:64356,MONDO:0008131
CHEBI:64356,MONDO:0007053
CHEBI:64356,MONDO:0007830
CHEBI:31625,MONDO:0010207
CHEBI:5856,MONDO:0011857
CHEBI:5856,MONDO:0012066
CHEBI:2666,MONDO:0009648
CHEBI:2666,MONDO:0007830
CHEBI:2666,MONDO:0007754
CHEBI:45863,MONDO:0007845
CHEBI:45863,MONDO:0016419
CHEBI:45863,MONDO:0008679
CHEBI:23359,MONDO:0009572
CHEBI:31638,MONDO:0016419
CHEBI:74947,MONDO:0009693
CHEBI:74947,MONDO:0009518
CHEBI:3044,MONDO:0009912
CHEBI:3044,MONDO:0010558
CHEBI:3044,MONDO:0019182
DRUGBANK:DB00010,MONDO:0011462
CHEBI:7550,OMIM:608622
CHEBI:7550,MONDO:0008071
CHEBI:8077,MONDO:0008233
CHEBI:18012,MONDO:0008788
CHEBI:9555,MONDO:0018874
CHEBI:31654,MONDO:0007455
CHEBI:6710,MONDO:0007830
CHEBI:91583,MONDO:0008412
CHEBI:73468,MONDO:0007127
CHEBI:135276,MONDO:0011961
CHEBI:2896,MONDO:0007831
CHEBI:2922,MONDO:0007603
CHEBI:9453,MONDO:0007831
CHEBI:75725,MONDO:0007053
CHEBI:75725,MONDO:0007830
CHEBI:66964,MONDO:0007179
CHEBI:9571,MONDO:0005090
CHEBI:6149,MONDO:0007830
CHEBI:3750,MONDO:0007762
CHEBI:7982,MONDO:0007830
DRUGBANK:DB00707,MONDO:0007576
CHEBI:3002,MONDO:0008834
CHEBI:3002,MONDO:0010940
CHEBI:8404,MONDO:0007830
